INSERT INTO public.hippo_module(id, label, description, icon, parent) VALUES
(1, 'TREE.PEOPLE', 'people', 'fa fa-briefcase', NULL),
(2, 'TREE.SYSTEM_USERS', 'system users', 'fa fa-briefcase', NULL),
(3, 'TREE.DATABASE', 'database', 'fa fa-briefcase', NULL),
(4, 'TREE.REPORTS', 'reports', 'fa fa-briefcase', NULL),
(5, 'TREE.OTHER_LIST', 'other_list', 'fa fa-briefcase', 3),
(6, 'TREE.EDUCATION_LIST', 'educ_list', 'fa fa-briefcase', 3),
(7, 'TREE.JOB_LIST', 'job_list', 'fa fa-briefcase', 3),
(8, 'TREE.POSITION_LIST', 'position_list', 'fa fa-briefcase', 3),
(9, 'TREE.GEOGRAPHIC_INFO', 'geo_info', 'fa fa-briefcase', 3);

INSERT INTO public.hippo_module_page (code, label, url, is_tree_item, module_id)  VALUES
('people_registry', 'TREE.PEOPLE_LIST', '/manage/people_registry', 1, 1),
('people_create', 'TREE.PEOPLE_LIST', '/manage/people_create', 0, 1),
('user_registry', 'TREE.USERS', '/manage/user_registry', 1, 2),
('user_create', 'TREE.USERS_NEW', '/manage/people_create', 0, 2),
('setting_registry', 'TREE.SETTING', '/manage/setting_registry', 1, 2),
('setting_create', 'TREE.SETTING_NEW', '/manage/setting_create', 0, 2),
('role_registry', 'TREE.ROLE', '/manage/role_registry', 1, 2),
('contact_type_registry', 'TREE.CONTACT_TYPE', '/manage/contact_type_registry', 1, 5),
('contact_type_create', 'TREE.CONTACT_TYPE_NEW', '/manage/contact_type_create', 0, 5),
('org_unit_standards_registry', 'TREE.ORG_UNIT_STANDARD', '/manage/contactorg_unit_standards_registry_type_registry', 1, 5),
('org_unit_standards_create', 'TREE.ORG_UNIT_STANDARD_NEW', '/manage/org_unit_standards_create', 0, 5),
('degree_registry', 'TREE.DEGREE', '/manage/degree_registry', 1, 6),
('degree_create', 'TREE.DEGREE_NEW', '/manage/degree_create', 0, 6),
('educational_major_registry', 'TREE.EDUCATIONAL_MAJOR', '/manage/educational_major_registry', 1, 6),
('educational_major_create', 'TREE.EDUCATIONAL_MAJOR_NEW', '/manage/educational_major_create', 0, 6),
('educational_level_registry', 'TREE.EDUCATIONAL_LEVEL', '/manage/educational_level_registry', 1, 6),
('educational_level_create', 'TREE.EDUCATIONAL_LEVEL_NEW', '/manage/educational_level_create', 0, 6),
('institution_type_registry', 'TREE.INSTITUTION_TYPE', '/manage/institution_type_registry', 1, 6),
('institution_type_create', 'TREE.INSTITUTION_TYPE_NEW', '/manage/institution_type_create', 0, 6),
('cadre_registry', 'TREE.CADRE', '/manage/cadre_registry', 1, 7),
('cadre_create', 'TREE.CADRE_NEW', '/manage/cadre_create', 0, 7),
('classification_registry', 'TREE.CLASSIFICATIONS', '/manage/classification_registry', 1, 7),
('classification_create', 'TREE.CLASSIFICATIONS_NEW', '/manage/classification_create', 0, 7),
('grade_registry', 'TREE.GRADE', '/manage/grade_registry', 1, 7),
('grade_create', 'TREE.GRADE_NEW', '/manage/grade_create', 0, 7),
('job_type_registry', 'TREE.JOB_TYPE', '/manage/job_type_registry', 1, 7),
('job_type_create', 'TREE.JOB_TYPE_NEW', '/manage/job_type_create', 0, 7),
('job_title_registry', 'TREE.JOB_TITLE', '/manage/job_title_registry', 1, 7),
('job_title_create', 'TREE.JOB_TITLE_NEW', '/manage/job_title_create', 0, 7),
('employment_status_registry', 'TREE.EMPLOYMENT_STATUS', '/manage/employment_status_registry', 1, 8),
('employment_status_create', 'TREE.EMPLOYMENT_STATUS_NEW', '/manage/employment_status_create', 0, 8),
('salary_source_registry', 'TREE.SALARY_SOURCE', '/manage/salary_source_registry', 1, 8),
('salary_source_create', 'TREE.SALARY_SOURCE_NEW', '/manage/salary_source_create', 0, 8),
('reason_departure_registry', 'TREE.REASON_DEPARTURE', '/manage/reason_departure_registry', 1, 8),
('reason_departure_create', 'TREE.REASON_DEPARTURE_NEW', '/manage/reason_departure_create', 0, 8),
('payment_frequency_registry', 'TREE.PAYMENT_FREQUENCY', '/manage/payment_frequency_registry', 1, 8),
('payment_frequency_create', 'TREE.PAYMENT_FREQUENCY_NEW', '/manage/payment_frequency_create', 0, 8),
('org_unit_registry', 'TREE.ORG_UNIT', '/manage/org_unit_registry', 1, 9),
('org_unit_create', 'TREE.ORG_UNIT_NEW', '/manage/org_unit_create', 0, 9),
('facility_type_registry', 'TREE.FACILITY_TYPE', '/manage/facility_type_registry', 1, 9),
('facility_type_create', 'TREE.FACILITY_TYPE_NEW', '/manage/facility_type_create', 0, 9),
('employment_staus_report', 'TREE.EMPLOYEE_STATUS_REPORT', '/manage/employment_staus_report', 1, 4),
('dashboard_registry', 'TREE.METABASE_DASHBOARD', '/manage/dashboard_registry', 1, 4),
('dashboard_create', 'TREE.METABASE_DASHBOARD_NEW', '/manage/dashboard_create', 0, 4);

-- setting_logo

INSERT INTO public.hippo_actions (id,description) VALUES
(1, 'CAN_EDIT_ROLE'),
(2, 'CAN_RESET_PASSWORD'),
(3, 'CAN_CREATE_USER'),
(4, 'CAN_ACCESS_REPORTING_MODULE'),
(5, 'CAN_ACCESS_MANAGE_MODULE'),
(6, 'CAN_EDIT_PERSON');

